{
    "arrow_size": 0.08299999684095383,
    "auto_launch_idx": 2,
    "auto_load": true,
    "bar_width_pct": 0.8199999928474426,
    "cartouche_height": 0.9399999976158142,
    "cartouche_offset_x": -0.009999999776482582,
    "cartouche_offset_y": 0.004999999888241291,
    "cartouche_width": 0.3149999976158142,
    "colors": {
        "bg_active": 2690650224,
        "bg_active_line": 4291834096,
        "bg_fail": 2422210560,
        "bg_fail_line": 4289724416,
        "bg_overlay": 2231369728,
        "bg_overlay_success": 1087393968,
        "bg_success": 631255168,
        "bg_success_line": 4291842224,
        "shadow": 4278190080,
        "text_cond": 4294953984,
        "text_dark": 4287137928,
        "text_dr": 4278255360,
        "text_live": 4278255615,
        "text_normal": 4294967295
    },
    "combo_cartouche_width": 0.22,
    "combo_font_size": 0.025,
    "combo_icon_size": 0.03,
    "combo_line_spacing": 0.05,
    "combo_max_visible": 8,
    "combo_offset_x_arrow": -0.02,
    "combo_offset_y_arrow": 0.0,
    "combo_pos": {
        "x": 0.05,
        "y": 0.4
    },
    "combo_text_y_offset": 0.0,
    "enabled": true,
    "fail_display_frames": 100,
    "fail_reset_delay": 1.5,
    "float_pos": {
        "x": 0.08958333333333333,
        "y": 0.9555555555555556
    },
    "float_size": {
        "h": 0.04351851851851852,
        "w": 0.8197916666666667
    },
    "font_size": 0.017999999225139618,
    "forced_position_idx": 2,
    "ghost_filter_frames": 4,
    "hud_font_size": 24.5,
    "hud_global_y": -0.3409999907016754,
    "hud_show": true,
    "hud_spacing_y": 0.02800000086426735,
    "icon_size": 0.039000000804662704,
    "idle_max_history": 15,
    "idle_mirror_p1": false,
    "idle_mirror_p2": false,
    "idle_pos_p1": {
        "x": 0.019999999552965164,
        "y": 0.1770000010728836
    },
    "idle_pos_p2": {
        "x": 0.9800000190734863,
        "y": 0.1599999964237213
    },
    "idle_raw_max_history": 19,
    "idle_raw_p1": false,
    "idle_raw_p2": false,
    "idle_raw_pos_p1": {
        "x": 0.9610000252723694,
        "y": 0.1770000010728836
    },
    "idle_raw_pos_p2": {
        "x": 0.85,
        "y": 0.35
    },
    "idle_show_p1": true,
    "idle_show_p2": false,
    "ignore_auto": true,
    "max_history": 15,
    "mirror_p1": false,
    "mirror_p2": false,
    "offset_x_arrow": -0.0430000014603138,
    "offset_y_arrow": -0.0020000000949949026,
    "pos_combo_stats": {
        "x": 0.5,
        "y": 0.09000000357627869
    },
    "pos_live_single_p1": {
        "x": 0.15000000596046448,
        "y": 0.13500000536441803
    },
    "pos_live_single_p2": {
        "x": 0.85,
        "y": 0.15000000596046448
    },
    "pos_p1": {
        "x": 0.9800000190734863,
        "y": 0.1770000010728836
    },
    "pos_p2": {
        "x": 0.9800000190734863,
        "y": 0.1770000010728836
    },
    "pos_trial": {
        "x": 0.4,
        "y": 0.15
    },
    "pos_trial_header": {
        "x": 0.4950000047683716,
        "y": 0.0
    },
    "pos_trial_p1": {
        "x": 0.05000000074505806,
        "y": 0.16200000047683716
    },
    "pos_trial_p2": {
        "x": 0.8349999785423279,
        "y": 0.014999999664723873
    },
    "raw": {
        "col_dir": -0.02500000037252903,
        "col_frame": 0.03500000014901161,
        "font_size": 0.027000000700354576,
        "icon_size": 0.024000000208616257,
        "slot1": 0.06499999761581421,
        "slot2": -0.08250000327825546,
        "slot3": -0.11100000143051147,
        "slot4": -0.13899999856948853,
        "slot5": -0.16699999570846558,
        "slot6": -0.19499999284744263,
        "spacing_y": 0.03200000151991844,
        "text_y_offset": -0.014499999582767487
    },
    "raw_max_history": 16,
    "raw_p1": true,
    "raw_p2": false,
    "raw_pos_p1": {
        "x": 0.9700000286102295,
        "y": 0.1720000058412552
    },
    "raw_pos_p2": {
        "x": 0.85,
        "y": 0.35
    },
    "show_combo_count": true,
    "show_live_single_p1": true,
    "show_live_single_p2": true,
    "show_p1": true,
    "show_p2": false,
    "spacing_x": 0.009999999776482582,
    "spacing_y": 0.04600000008940697,
    "special_icon_scale": 1.5,
    "text_y_offset": -0.0020000000949949026,
    "trial_visible_steps": 30
}